Symbol,Median Target,High Estimate,Low Estimate,Median Estimate,Analyst Count
MMM,105,157,83,+11.89%,19
AOS,76,87,64,+6.22%,15
ABT,115,133,100,+20.15%,25
ABBV,168,205,135,+19.17%,29
ACN,340,390,280,+8.65%,26
ADM,92,116,75,+26.90%,17
ADBE,620,660,441,+9.98%,36
ADP,250,280,217,+13.96%,20
AES,23,26,14,+37.03%,12
AFL,79,90,61,-3.30%,15
A,137,163,105,+26.12%,20
ABNB,135,175,75,+10.05%,41
APD,330,380,300,+12.75%,25
AKAM,113,145,74,+4.15%,23
ALK,53,70,39,+57.93%,15
ALB,211,335,113,+65.05%,29
ARE,128,186,108,+25.61%,13
ALGN,290,378,180,+46.91%,16
ALLE,118,137,95,+15.81%,14
LNT,51,59,46,-0.20%,13
ALL,135,160,90,+2.50%,23
GOOGL,153,180,126,+18.53%,57
GOOG,153,180,126,+17.37%,56
MO,45,70,37,+10.69%,17
AMZN,175,230,138,+26.29%,58
AMCR,9,10,8,+1.73%,19
AMD,130,200,98,+15.83%,45
AEE,83,97,75,+5.73%,15
AAL,14,20,8,+16.86%,20
AEP,89,100,75,+11.70%,20
AXP,175,201,125,+14.56%,28
AIG,70,81,64,+9.83%,21
AMT,208,259,169,+9.15%,22
AWK,144,169,126,+11.17%,15
AMP,367,410,300,+9.49%,15
AME,173,195,154,+20.52%,18
AMGN,288,336,185,+6.70%,30
APH,95,103,75,+12.91%,16
ADI,200,220,175,+19.15%,31
ANSS,310,392,260,+7.68%,18
AON,339,361,304,+4.85%,22
APA,50,65,34,+25.19%,31
AAPL,195,240,125,+10.41%,46
AMAT,160,185,120,+14.51%,33
APTV,117,155,80,+51.59%,28
ACGL,98,105,79,+14.57%,17
ANET,220,232,180,+3.58%,26
AJG,262,277,187,+8.16%,20
AIZ,176,205,157,+7.65%,8
T,18,25,8,+13.35%,27
ATO,125,131,115,+12.12%,9
ADSK,240,270,178,+17.65%,28
AZO,2850,3215,2500,+10.59%,26
AVB,194,229,176,+13.28%,23
AVY,197,225,183,+8.68%,13
AXON,239,250,223,+10.08%,12
BKR,42,47,36,+19.39%,28
BALL,54,75,46,+6.39%,15
BAC,33,49,27,+16.07%,28
BBWI,47,68,27,+45.84%,20
BAX,40,54,33,+17.80%,16
BDX,303,325,271,+17.04%,17
WRB,73,85,62,+8.33%,16
BBY,81,91,63,+20.55%,29
BIO,440,482,350,+52.94%,6
TECH,81,99,65,+38.72%,14
BIIB,325,400,266,+30.30%,35
BLK,745,897,675,+13.25%,18
BX,105,120,89,+4.06%,23
BK,52,62,45,+16.00%,18
BA,245,275,190,+25.83%,28
BKNG,3550,3900,2402,+24.14%,33
BWA,45,62,36,+36.69%,20
BXP,66,80,52,+12.00%,21
BSX,60,67,52,+14.22%,33
BMY,66,90,50,+24.99%,27
AVGO,997,1050,879,+13.05%,31
BR,190,226,164,+7.33%,10
BRO,79,85,73,+12.01%,13
BG,135,161,114,+27.25%,12
CHRW,86,111,60,+5.24%,26
CDNS,267,307,248,+7.15%,17
CZR,63,78,49,+43.05%,16
CPT,111,141,80,+23.10%,20
CPB,45,50,38,+11.03%,21
COF,111,145,87,+4.39%,26
CAH,104,118,78,+3.79%,16
KMX,76,105,44,+13.48%,20
CCL,16,25,10,+31.37%,23
CARR,57,67,48,+13.79%,22
CTLT,50,58,44,+41.80%,19
CAT,266,365,175,+10.56%,27
CBOE,170,189,138,+0.27%,18
CBRE,93,98,78,+22.30%,9
CDW,219,240,214,+4.75%,13
CE,134,155,110,+10.72%,24
COR,215,227,192,+10.13%,16
CNC,83,110,72,+19.72%,19
CNP,30,34,27,+9.57%,17
CDAY,75,95,62,+15.03%,19
CF,89,105,68,+9.02%,21
CRL,232,275,207,+27.81%,17
SCHW,71,85,52,+27.17%,22
CHTR,467,708,300,+11.18%,29
CVX,180,215,166,+21.98%,27
CMG,2195,2570,1800,+7.50%,34
CB,250,277,203,+14.28%,26
CHD,100,114,76,+15.19%,22
CI,345,385,300,+11.03%,23
CINF,117,130,110,+16.04%,8
CTAS,535,592,441,+3.18%,20
CSCO,59,68,45,+11.34%,24
C,46,82,42,+10.03%,26
CFG,32,42,25,+22.32%,22
CLX,131,171,115,+4.75%,21
CME,233,250,157,+11.66%,18
CMS,61,65,54,+9.48%,19
KO,65,74,59,+14.56%,25
CTSH,71,87,60,+7.14%,26
CL,83,90,75,+12.00%,21
CMCSA,49,55,43,+15.29%,32
CMA,45,70,42,+3.24%,26
CAG,29,33,28,+6.04%,16
COP,139,164,117,+16.07%,27
ED,89,103,71,-1.13%,17
STZ,295,311,249,+22.05%,23
CEG,117,127,105,-0.01%,13
COO,390,430,343,+16.54%,19
CPRT,51,53,39,+11.01%,12
GLW,32,40,28,+14.57%,15
CTVA,65,82,53,+29.38%,26
CSGP,88,104,70,+14.37%,15
COST,601,680,502,+7.24%,37
CTRA,31,42,26,+10.71%,28
CCI,103,129,85,+4.69%,21
CSX,37,42,25,+21.77%,28
CMI,255,290,216,+12.89%,21
CVS,86,110,74,+22.42%,26
DHI,141,164,115,+19.08%,23
DHR,235,306,200,+18.76%,27
DRI,167,190,148,+11.16%,32
DVA,109,142,104,+37.84%,9
DE,442,510,380,+15.78%,25
DAL,50,77,43,+49.84%,22
XRAY,35,51,30,+19.82%,14
DVN,58,81,47,+23.57%,33
DXCM,125,155,101,+28.28%,24
FANG,182,225,145,+12.23%,32
DLR,132,143,94,-0.65%,23
DFS,98,137,88,+12.42%,24
DIS,106,125,58,+25.21%,34
DG,124,167,96,+4.03%,33
DLTR,153,195,105,+31.91%,28
D,48,57,44,+10.12%,18
DPZ,413,483,330,+14.17%,33
DOV,161,194,132,+19.83%,19
DOW,54,62,49,+9.60%,24
DTE,108,124,103,+7.87%,18
DUK,95,120,90,+5.26%,19
DD,80,92,71,+14.86%,19
EMN,84,115,75,+9.06%,22
ETN,239,270,187,+11.28%,23
EBAY,48,56,37,+18.40%,23
ECL,194,215,180,+11.30%,26
EIX,75,86,52,+17.11%,17
EW,80,102,63,+19.24%,32
EA,145,162,128,+11.90%,29
ELV,561,629,500,+24.68%,21
LLY,642,722,340,+13.19%,29
EMR,112,125,95,+21.78%,24
ENPH,115,225,75,+42.29%,39
ETR,105,117,92,+6.95%,20
EOG,148,172,113,+15.47%,33
EPAM,265,303,233,+10.05%,21
EQT,48,62,30,+7.38%,26
EFX,205,250,164,+12.74%,23
EQIX,850,920,720,+10.38%,25
EQR,68,77,60,+22.96%,24
ESS,235,268,204,+8.19%,24
EL,134,208,100,+20.76%,31
ETSY,70,125,46,+7.23%,34
EG,449,484,403,+16.60%,14
EVRG,52,56,50,+1.56%,10
ES,63,94,50,+14.52%,19
EXC,44,47,39,+8.45%,19
EXPE,122,200,90,+8.23%,35
EXPD,105,120,85,-7.07%,19
EXR,137,185,115,+28.55%,17
XOM,122,150,110,+13.18%,27
FFIV,163,186,150,+6.30%,17
FDS,440,480,352,-0.85%,20
FICO,950,1100,542,+1.99%,13
FAST,58,66,55,-2.11%,15
FRT,105,125,93,+9.95%,18
FDX,290,370,205,+17.34%,33
FITB,31,34,26,+17.18%,26
FSLR,232,326,185,+53.13%,30
FE,39,43,32,+5.94%,17
FIS,69,81,50,+32.85%,31
FI,143,175,120,+19.64%,37
FLT,295,326,244,+24.63%,20
FMC,68,117,53,+22.72%,20
F,13,20,9,+30.15%,23
FTNT,59,90,50,+16.88%,39
FTV,80,90,66,+21.33%,20
FOXA,34,44,26,+6.82%,28
FOX,34,44,26,+16.00%,27
BEN,23,26,21,-4.08%,14
FCX,45,57,41,+30.76%,20
GRMN,119,135,100,+2.93%,9
IT,387,445,346,+0.23%,12
GEHC,84,97,72,+18.00%,13
GEN,23,27,21,+30.53%,7
GNRC,136,175,76,+30.41%,29
GD,270,325,235,+11.04%,26
GE,135,150,115,+23.89%,18
GIS,72,82,58,+9.52%,21
GM,41,90,26,+37.72%,24
GPC,153,192,140,+14.51%,16
GILD,90,116,71,+10.38%,32
GL,131,160,115,+11.81%,10
GPN,146,180,90,+28.31%,38
GS,382,447,305,+16.68%,27
HAL,49,56,44,+22.92%,30
HIG,85,100,75,+14.68%,22
HAS,60,80,48,+27.77%,15
HCA,280,315,254,+21.37%,23
PEAK,22,27,16,+27.83%,16
HSIC,81,90,69,+29.81%,14
HSY,221,253,180,+17.53%,26
HES,167,210,154,+14.13%,21
HPE,18,21,15,+12.96%,21
HLT,169,191,145,+8.09%,23
HOLX,85,95,74,+23.74%,20
HD,350,384,242,+18.42%,37
HON,210,265,175,+11.31%,27
HRL,33,42,29,+0.38%,12
HST,21,24,15,+25.37%,23
HWM,56,61,47,+16.72%,21
HPQ,30,39,23,+9.49%,18
HUBB,331,375,270,+17.66%,10
HUM,585,640,523,+22.64%,22
HBAN,12,13,10,+12.94%,22
HII,249,300,188,+6.42%,14
IBM,145,179,110,-1.97%,17
IEX,215,250,190,+10.14%,15
IDXX,520,600,440,+21.09%,12
ITW,238,260,185,+2.10%,20
ILMN,190,318,100,+62.38%,22
INCY,77,98,58,+40.54%,23
PODD,226,280,163,+39.34%,24
INTC,38,56,17,-0.34%,42
ICE,130,154,114,+20.46%,19
IFF,76,105,57,+4.52%,24
IP,36,41,30,+4.00%,11
IPG,34,40,30,+14.25%,15
INTU,567,660,410,+13.87%,30
ISRG,320,400,240,+14.93%,31
IVZ,14,17,13,+0.90%,17
INVH,35,41,31,+11.08%,22
IQV,225,262,190,+14.10%,23
IRM,68,73,65,+10.16%,8
JBHT,200,221,165,+13.78%,25
JKHY,164,185,138,+13.50%,17
J,155,205,143,+15.68%,18
JNJ,172,215,157,+13.66%,24
JCI,72,82,58,+39.97%,23
JPM,170,233,140,+19.23%,26
JNPR,31,36,27,+13.70%,19
K,57,73,53,+9.51%,20
KVUE,24,27,20,+26.55%,13
KDP,37,42,27,+18.91%,19
KEY,12,16,10,+7.64%,24
KEYS,164,208,142,+30.42%,15
KMB,128,153,111,+7.23%,20
KIM,21,26,19,+12.00%,23
KMI,20,22,17,+18.55%,23
KLAC,550,600,425,+10.13%,24
KHC,37,47,33,+11.24%,22
KR,51,65,37,+14.09%,25
LHX,217,338,162,+17.10%,27
LH,235,270,210,+12.27%,17
LRCX,700,825,550,+10.40%,29
LW,126,132,112,+33.90%,9
LVS,65,79,54,+33.11%,17
LDOS,121,136,100,+16.42%,17
LEN,139,161,112,+16.02%,21
LIN,427,450,347,+8.80%,30
LYV,113,128,85,+32.98%,20
LKQ,63,68,55,+41.24%,11
LMT,479,550,364,+5.66%,24
L,52,52,52,-20.95%,1
LOW,250,290,180,+28.24%,35
LULU,450,585,250,+10.30%,35
LYB,104,116,91,+12.19%,24
MTB,142,180,121,+15.89%,24
MRO,34,45,26,+23.82%,29
MPC,161,191,141,+7.09%,18
MKTX,246,285,203,+11.73%,14
MAR,210,235,160,+10.05%,24
MMC,205,226,190,+5.75%,23
MLM,513,572,376,+15.88%,24
MAS,63,75,52,+14.36%,22
MA,440,484,410,+13.98%,39
MTCH,45,60,30,+52.75%,28
MKC,74,86,59,+14.40%,16
MCD,308,383,270,+15.29%,37
MCK,492,525,450,+8.61%,16
MDT,89,104,68,+23.35%,34
MRK,125,135,103,+20.91%,28
META,380,477,175,+20.74%,61
MET,80,85,69,+29.52%,18
MTD,1217,1521,1050,+17.99%,14
MGM,57,69,42,+49.35%,19
MCHP,90,110,73,+17.77%,27
MU,80,100,58,+10.27%,39
MSFT,409,450,350,+15.90%,53
MAA,148,181,112,+19.54%,20
MRNA,118,300,52,+52.22%,25
MHK,90,125,80,+5.88%,17
MOH,365,417,315,+8.17%,15
TAP,68,77,58,+15.23%,20
MDLZ,79,89,69,+15.49%,26
MPWR,550,600,483,+11.60%,15
MNST,61,72,50,+9.75%,25
MCO,357,411,310,+7.85%,23
MS,90,110,73,+18.02%,27
MOS,41,54,32,+22.92%,22
MSI,330,348,288,+10.21%,12
MSCI,550,640,460,+10.48%,19
NDAQ,56,82,50,+11.54%,17
NTAP,81,100,63,+6.72%,22
NFLX,465,600,335,+7.50%,48
NEM,52,60,36,+33.26%,19
NWSA,27,32,22,+26.54%,8
NWS,10,10,10,-55.89%,3
NEE,71,90,55,+19.57%,21
NKE,120,150,88,+12.11%,35
NI,28,30,25,+10.89%,13
NDSN,270,290,225,+21.86%,11
NSC,227,264,170,+16.92%,28
NTRS,74,90,65,+3.66%,18
NOC,496,615,382,+5.40%,24
NCLH,17,23,13,+23.19%,17
NRG,46,56,33,+2.20%,10
NUE,180,185,151,+18.19%,13
NVDA,625,1100,535,+38.85%,52
NVR,6425,6951,4900,+9.23%,8
NXPI,230,260,190,+26.52%,18
ORLY,1022,1100,930,+7.26%,28
OXY,70,85,60,+11.09%,29
ODFL,410,490,330,+4.51%,23
OMC,87,113,73,+12.07%,12
ON,90,119,60,+31.89%,31
OKE,73,80,65,+9.22%,22
ORCL,135,150,92,+24.97%,34
OTIS,90,100,77,+12.77%,14
PCAR,92,115,78,+5.99%,19
PKG,158,170,129,-0.16%,10
PANW,280,340,225,+15.14%,45
PARA,13,32,9,-2.03%,34
PH,462,534,300,+15.20%,20
PAYX,120,134,106,+9.29%,20
PAYC,190,400,140,+19.56%,22
PYPL,72,120,51,+28.37%,48
PNR,75,88,46,+21.65%,19
PEP,185,220,151,+10.91%,21
PFE,36,75,32,+16.76%,26
PCG,19,21,14,+12.53%,14
PM,110,130,85,+20.21%,20
PSX,132,146,116,+13.06%,19
PNW,75,95,25,+2.15%,14
PXD,260,306,230,+6.69%,31
PNC,133,176,110,+7.94%,25
POOL,373,420,308,+10.78%,12
PPG,155,166,135,+20.76%,28
PPL,28,32,25,+10.34%,13
PFG,74,86,62,+3.16%,16
PG,166,177,139,+10.95%,26
PGR,159,199,111,+1.76%,22
PLD,130,154,119,+22.02%,23
PRU,99,125,87,+5.15%,18
PEG,64,69,61,+1.48%,20
PTC,165,182,130,+11.83%,20
PSA,305,367,250,+20.42%,18
PHM,93,117,80,+11.55%,18
QRVO,107,136,79,+21.80%,31
PWR,216,235,190,+28.16%,16
QCOM,140,167,100,+17.16%,32
DGX,140,165,130,+4.56%,17
RL,141,166,100,+22.40%,20
RJF,110,125,100,+8.63%,14
RTX,85,110,75,+3.39%,26
O,60,74,48,+18.04%,16
REG,67,74,62,+6.81%,18
REGN,917,1066,680,+12.17%,27
RF,17,24,15,+11.22%,27
RSG,166,182,155,+8.18%,21
RMD,190,250,158,+24.67%,23
RVTY,104,125,85,+17.99%,17
RHI,72,100,59,-5.69%,16
ROK,298,337,220,+13.01%,24
ROL,42,52,32,+10.57%,11
ROP,560,601,454,+11.42%,18
ROST,135,142,84,+11.32%,23
RCL,120,140,94,+29.93%,21
SPGI,442,475,402,+15.43%,25
CRM,255,340,159,+22.92%,51
SBAC,242,343,206,+6.80%,19
SLB,70,81,62,+23.09%,28
STX,70,85,40,-3.14%,24
SEE,40,49,34,+15.52%,15
SRE,81,89,75,+12.65%,19
NOW,650,706,545,+7.13%,37
SHW,280,330,245,+11.59%,29
SPG,124,160,110,+5.21%,18
SWKS,100,176,83,+9.83%,32
SJM,131,158,109,+15.49%,16
SNA,271,325,210,+0.44%,13
SEDG,90,384,48,+19.11%,36
SO,72,82,64,+3.00%,19
LUV,28,47,18,+18.14%,22
SWK,92,118,80,+3.53%,17
SBUX,110,128,100,+7.15%,33
STT,75,87,68,+10.68%,19
STLD,108,130,73,-3.46%,12
STE,250,265,215,+15.07%,7
SYK,319,345,289,+15.45%,30
SYF,34,54,27,+12.77%,23
SNPS,502,600,472,+3.02%,16
SYY,80,87,75,+19.35%,19
TMUS,178,235,118,+20.66%,30
TROW,90,101,80,-5.92%,15
TTWO,160,171,130,+15.13%,27
TPR,47,60,33,+68.22%,20
TRGP,105,119,94,+19.18%,24
TGT,142,184,116,+25.83%,36
TEL,145,175,135,+15.32%,16
TDY,489,500,430,+28.91%,10
TFX,230,285,221,+8.96%,17
TER,100,140,88,+14.05%,20
TSLA,257,380,53,+17.12%,46
TXN,160,210,120,+6.55%,34
TXT,87,103,73,+12.20%,18
TMO,515,600,435,+13.29%,27
TJX,99,110,90,+8.79%,25
TSCO,210,270,190,+5.35%,34
TT,232,256,200,+6.63%,24
TDG,1007,1114,705,+14.07%,22
TRV,186,230,167,+10.46%,25
TRMB,58,79,42,+36.66%,13
TFC,33,45,24,+5.82%,26
TYL,460,510,395,+10.55%,18
TSN,52,74,45,+10.50%,14
USB,38,60,31,+7.10%,28
UDR,43,49,30,+29.25%,20
ULTA,526,606,375,+36.30%,29
UNP,239,282,182,+12.67%,29
UAL,58,98,40,+54.56%,22
UPS,165,220,100,+15.49%,33
URI,494,983,302,+9.37%,20
UNH,591,660,540,+11.32%,27
UHS,150,170,137,+16.85%,17
VLO,151,171,130,+19.85%,22
VTR,49,58,44,+11.16%,21
VRSN,235,245,215,+16.10%,5
VRSK,252,285,205,+9.26%,21
VZ,38,44,31,+7.56%,25
VRTX,389,456,315,+3.45%,33
VFC,17,33,15,+9.68%,24
VTRS,11,15,9,+28.98%,12
VICI,36,43,30,+23.46%,23
V,278,325,220,+14.12%,38
VMC,249,264,215,+20.06%,25
WAB,127,144,115,+14.56%,12
WBA,25,37,22,+15.31%,16
WMT,180,210,163,+9.30%,40
WBD,18,26,10,+53.00%,32
WM,178,203,163,+5.86%,22
WAT,280,315,260,+7.42%,20
WEC,86,98,81,+2.44%,15
WFC,50,65,40,+21.39%,28
WELL,90,111,78,+1.74%,19
WST,400,440,323,+19.39%,11
WDC,50,65,31,+16.29%,25
WRK,40,45,37,+5.65%,10
WY,38,40,36,+22.23%,11
WHR,104,141,63,-6.72%,8
WMB,38,42,31,+7.37%,26
WTW,247,284,210,+4.54%,21
GWW,800,876,740,+4.20%,17
WYNN,129,150,104,+39.34%,16
XEL,62,74,58,+1.59%,17
XYL,119,135,100,+22.78%,18
YUM,138,160,115,+9.59%,29
ZBRA,277,340,183,+29.37%,15
ZBH,147,172,100,+35.16%,29
ZION,37,45,29,+6.44%,26
ZTS,220,255,190,+35.60%,18
